z [m],u [m/s],u_rms [m/s],c [-],d_32a [m],T_u [-],delta_x [m],delta_y [m],N_p [-],within_model_domain,model_domain_warning,u_corrected_q0.025 [m/s],T_u_corrected_q0.025 [-],u_corrected_q0.05 [m/s],T_u_corrected_q0.05 [-],u_corrected_q0.1 [m/s],T_u_corrected_q0.1 [-],u_corrected_q0.25 [m/s],T_u_corrected_q0.25 [-],u_corrected_q0.5 [m/s],T_u_corrected_q0.5 [-],u_corrected_q0.75 [m/s],T_u_corrected_q0.75 [-],u_corrected_q0.9 [m/s],T_u_corrected_q0.9 [-],u_corrected_q0.95 [m/s],T_u_corrected_q0.95 [-],u_corrected_q0.975 [m/s],T_u_corrected_q0.975 [-]
0.0026,4.973,1.581,0.122,0.001242316,0.3179167504524432,0.005,0.001,10,True,,4.36167543403423,0.1251851040736971,4.392324062357376,0.1814350536855672,4.485231289635895,0.2357225441303807,4.595351630422551,0.2752481911412224,4.716564870645864,0.3157410889097432,4.845592011047847,0.33834096201221825,5.095201418600486,0.3463746399269116,5.141294495656599,0.3469514404380689,5.378600909602648,0.3473247564342545
0.0042,5.742,1.275,0.143,0.00145415,0.22204806687565307,0.005,0.001,10,True,,4.86669646375612,0.24241990545114728,4.86669646375612,0.2462083772131111,4.86669646375612,0.2588472869138657,5.152183171848919,0.2787696928056605,5.308768355018266,0.3019756887071225,5.538299144355428,0.3177895880644739,5.75406188691365,0.335480569171308,5.896874311058609,0.3431854695236543,5.896874311058609,0.3464345127276339
0.0058,6.114,1.15,0.158,0.0016287,0.188092901537455,0.005,0.001,10,True,,4.637191311735845,0.18720167689744935,4.637191311735845,0.1887915068816825,5.148676921322476,0.1941642467162242,5.523112068327189,0.2040206168028192,5.842893239492213,0.23800717219434714,6.074080628774095,0.2757847484587385,6.294509750999157,0.30307838017971417,6.678327305605452,0.3179231738961806,7.318773245043559,0.32618791246326795
0.0074,6.444,1.092,0.171,0.001812286,0.16945996275605216,0.005,0.001,10,True,,5.387362463176961,0.16724011551396203,5.5719899530906805,0.1774396554830666,5.636635961040462,0.17969622641123556,5.937161287550052,0.1887915068816825,6.123983803820417,0.204805533980576,6.410444588248554,0.261191078548801,6.614505663482436,0.29762639151101966,6.8840154792402375,0.3130483032177744,7.373316638727853,0.32170405412697134
0.0106,6.907,1.008,0.191,0.002153034,0.14593890256261763,0.005,0.001,10,True,,5.917909700863118,0.1103484490509257,6.016980888567407,0.13179718338763496,6.133153671174156,0.15201698061334085,6.481945205691131,0.16448858983708536,6.656735859350352,0.18755300944020445,6.906419020793591,0.2334795074916342,7.092026230348573,0.2822829545309671,7.292498725409966,0.3119537990415973,7.373044499498951,0.33927558283094444
0.0138,7.308,0.892,0.21,0.002557543,0.12205801860974275,0.005,0.001,10,True,,6.069651268792132,0.10424659958692756,6.187666105608091,0.11082111560589158,6.535892808960186,0.1172847605317518,6.899957258606234,0.12388154284193473,7.174302422068122,0.1366586469107135,7.288259474142125,0.15475783731177004,7.311097377006198,0.17286971043598506,7.353400129557385,0.20022862481052633,7.432967537908051,0.2573867466946417
0.017,7.574,0.816,0.235,0.003010496,0.10773699498283601,0.005,0.001,10,True,,6.90634595417734,0.09001595205164228,7.083655411538635,0.0943149338725874,7.263533116250796,0.09993131194045272,7.402806470669256,0.1099789138479912,7.528110651233312,0.11788074097467716,7.602454915575943,0.1366586469107135,7.6859047268702225,0.15406315147784366,7.971856711095766,0.17067238666524454,8.12861703723911,0.18484118131814528
0.0202,7.857,0.758,0.268,0.003615015,0.09647448135420644,0.005,0.001,10,True,,7.467815493104337,0.07644896627277474,7.524862211438441,0.08343526580210454,7.630641536202285,0.08648118365366704,7.721433509524305,0.09490576258400871,7.8207420744606875,0.1043556237274323,7.889684399749813,0.11414599046777216,7.965768681025773,0.14785608611314607,7.997876360038214,0.1646730247680657,8.057827650070706,0.16474070958773196
0.0234,8.102,0.655,0.314,0.004426415,0.0808442359911133,0.005,0.001,10,True,,7.662893818990676,0.0607456175937963,7.815866536741302,0.0742584852082007,7.898295908688772,0.0775852907097035,7.955732733472157,0.08396117307841959,8.028301285385663,0.09109608667459854,8.062862843825894,0.10046996398497088,8.094144478640732,0.1143651430488289,8.15372643276812,0.1469280374240071,8.179519168887436,0.14918387084522033
0.0266,8.273,0.616,0.381,0.005705731,0.07445908376646924,0.005,0.001,10,True,,7.840003127594023,0.0417046812686989,8.015184800550212,0.0429646302228587,8.086867388093294,0.0522301422838005,8.196536821404173,0.07025344824048997,8.233725864173568,0.07578490876475415,8.268954235005513,0.0807951449644387,8.311440881805213,0.0883955187426912,8.339546799522688,0.09652026308445902,8.529090269246343,0.11493892984808417
0.0298,8.42,0.591,0.471,0.007668773,0.07019002375296912,0.005,0.001,10,False,"c [-] outside [0.005, 0.4]",nan,nan,nan,nan,nan,nan,nan,nan,nan,nan,nan,nan,nan,nan,nan,nan,nan,nan
0.033,8.526,0.566,0.579,0.010769756,0.06638517475955899,0.005,0.001,10,False,"c [-] outside [0.005, 0.4]",nan,nan,nan,nan,nan,nan,nan,nan,nan,nan,nan,nan,nan,nan,nan,nan,nan,nan
0.0362,8.587,0.526,0.685,0.015593775,0.06125538604867824,0.005,0.001,10,False,"c [-] outside [0.005, 0.4]",nan,nan,nan,nan,nan,nan,nan,nan,nan,nan,nan,nan,nan,nan,nan,nan,nan,nan
0.0394,8.656,0.519,0.784,0.024067809,0.059958410351201474,0.005,0.001,10,False,"c [-] outside [0.005, 0.4]; d_32a [m] outside [0.0005, 0.02]",nan,nan,nan,nan,nan,nan,nan,nan,nan,nan,nan,nan,nan,nan,nan,nan,nan,nan
0.0426,8.689,0.507,0.859,0.037236827,0.05834963747266659,0.005,0.001,10,False,"c [-] outside [0.005, 0.4]; d_32a [m] outside [0.0005, 0.02]",nan,nan,nan,nan,nan,nan,nan,nan,nan,nan,nan,nan,nan,nan,nan,nan,nan,nan
0.0458,8.682,0.478,0.911,0.058388454,0.05505643860861552,0.005,0.001,10,False,"c [-] outside [0.005, 0.4]; d_32a [m] outside [0.0005, 0.02]",nan,nan,nan,nan,nan,nan,nan,nan,nan,nan,nan,nan,nan,nan,nan,nan,nan,nan
0.049,8.687,0.471,0.945,0.092912866,0.05421894785311385,0.005,0.001,10,False,"c [-] outside [0.005, 0.4]; d_32a [m] outside [0.0005, 0.02]",nan,nan,nan,nan,nan,nan,nan,nan,nan,nan,nan,nan,nan,nan,nan,nan,nan,nan
0.0522,8.66,0.418,0.966,0.149034739,0.048267898383371824,0.005,0.001,10,False,"c [-] outside [0.005, 0.4]; d_32a [m] outside [0.0005, 0.02]",nan,nan,nan,nan,nan,nan,nan,nan,nan,nan,nan,nan,nan,nan,nan,nan,nan,nan
0.0554,8.648,0.407,0.979,0.234988464,0.047062904717853835,0.005,0.001,10,False,"c [-] outside [0.005, 0.4]; d_32a [m] outside [0.0005, 0.02]",nan,nan,nan,nan,nan,nan,nan,nan,nan,nan,nan,nan,nan,nan,nan,nan,nan,nan
0.0586,8.65,0.398,0.987,0.372746209,0.046011560693641616,0.005,0.001,10,False,"c [-] outside [0.005, 0.4]; d_32a [m] outside [0.0005, 0.02]",nan,nan,nan,nan,nan,nan,nan,nan,nan,nan,nan,nan,nan,nan,nan,nan,nan,nan
0.0618,8.634,0.389,0.992,0.567591971,0.04505443595089182,0.005,0.001,10,False,"c [-] outside [0.005, 0.4]; d_32a [m] outside [0.0005, 0.02]",nan,nan,nan,nan,nan,nan,nan,nan,nan,nan,nan,nan,nan,nan,nan,nan,nan,nan
0.065,8.626,0.362,0.995,0.854913617,0.041966148852306984,0.005,0.001,10,False,"c [-] outside [0.005, 0.4]; d_32a [m] outside [0.0005, 0.02]",nan,nan,nan,nan,nan,nan,nan,nan,nan,nan,nan,nan,nan,nan,nan,nan,nan,nan
